,0,1,2,3,4,5,6,7,8,9,10,11,12,13,14,15,16,17,18,19,20,21,22,23,24,25,26,27,28,29,30,31,32,33,34,35,36,37,38,39,40,41,42,43,44,45,46,47,48,49,50,51,52,53,54,55,56,57,58,59,60,61,62,63,64,65,66,67,68,69,70,71,72,73,74,75,76,77,78,79,80,81,82,83,84,85,86,87,88,89,90,91,92,93,94,95,96,97,98,99,100,101,102,103,104,105,106,107,108,109,110,111,112,113,114,115,116,117,118,119,120,121,122,123,124,125,126,127,128,129,130,131,132,133,134,135,136,137,138,139,140,141,142,143,144,145,146,147,148,149,150,151,152,153,154,155,156,157,158,159,160,161,162,163,164,165,166,167,168,169,170,171,172,173,174,175,176,177,178,179,180,181,182,183,184,185,186,187,188,189,190,191,192,193,194,195,196,197
train_roc,[0.6765565086562674],[0.7608467156335218],[0.766041520828327],[0.7870088077650428],[0.797975154370971],[0.8100134780746204],[0.8161684654846361],[0.820720711308],[0.8252656434474617],[0.8304228354107679],[0.8393789637554722],[0.8430107302190971],[0.8464481616533104],[0.8508384616188317],[0.8579912444755566],[0.8538600578825841],[0.859619061549874],[0.8582587163439938],[0.8605405857215993],[0.8623272142178015],[0.867649486474909],[0.867551274148217],[0.8690202798006499],[0.8711057245248717],[0.8728004095662986],[0.8731828107532047],[0.8754667697547827],[0.8751240714233472],[0.8780077525049368],[0.8794454137977871],[0.8806782919413652],[0.8790253993793817],[0.882926727335416],[0.8823896939745692],[0.8823416326232094],[0.8842494593097971],[0.8852462099445205],[0.8854238279821546],[0.8872522489578],[0.8881633250096644],[0.8862116162196614],[0.8875113623303486],[0.8898956232825903],[0.8903647438643415],[0.8911786524015004],[0.8920353982300884],[0.8927354222607642],[0.8939223286769546],[0.8952952116266677],[0.8961937499346991],[0.8961059857278683],[0.8916989687705696],[0.8949002726959283],[0.8944614516617733],[0.8985550250232471],[0.8989792186895968],[0.8994577425792228],[0.9004001629906697],[0.9007825641775762],[0.9024438152354484],[0.9018984233787128],[0.9034134007585335],[0.903822967057078],[0.906336784695594],[0.9064015630387312],[0.9059794589963536],[0.9046650855178611],[0.9058415438141906],[0.907252039995403],[0.9081881915349332],[0.9091044916467281],[0.9079771395137444],[0.9092058384093782],[0.9112578491500456],[0.9120936987389119],[0.9135961383748994],[0.9138552517474482],[0.9138782376111418],[0.9110760518644669],[0.9154956065655986],[0.9160890597736937],[0.915790243545674],[0.9174786597151843],[0.9175120936987389],[0.9164860883284054],[0.9186655661313746],[0.9183939150149931],[0.9164651920886836],[0.9218794078005662],[0.9205420484583798],[0.923032880233202],[0.9217602992341529],[0.9221782240285861],[0.9251517589409786],[0.9264473258037216],[0.9273124301281985],[0.9248738389526805],[0.921070723323338],[0.9236785740406014],[0.9270574960035941],[0.9274043735829736],[0.9293916059805039],[0.9308961352404634],[0.9315104846882803],[0.93223349458265],[0.9288754688593787],[0.9284011242176969],[0.9318427348998546],[0.9326744052407769],[0.93396997210352],[0.9333284575440649],[0.9358673506702467],[0.9353177795655672],[0.935167326639571],[0.9337233964748043],[0.9299704318207939],[0.9334747312221167],[0.9372924742192643],[0.9381304134321029],[0.9386340128093948],[0.9399400277919987],[0.9398836079447503],[0.9401803345487979],[0.9410893209766902],[0.9419481564292504],[0.9429365485680852],[0.9390164139963014],[0.9443157003897148],[0.944731535560176],[0.9427819163941449],[0.9417642695196999],[0.942570864372956],[0.9447607902957863],[0.9467772774289267],[0.9477447733280395],[0.945713658827094],[0.9440921106246931],[0.9489149627524527],[0.9480101555725047],[0.9435717942556238],[0.9452163283217185],[0.9491322836455579],[0.9463238290269665],[0.9508248790630126],[0.9445434694026809],[0.9507893554554859],[0.951269968969084],[0.9509795112369529],[0.9529249511550396],[0.9541452915547848],[0.954688593787548],[0.9509293602616209],[0.9521267147976721],[0.9543187303444746],[0.9561555098160085],[0.956387458076919],[0.9560844626009549],[0.9566194063378295],[0.951710879627211],[0.9548850184409314],[0.9557877359969074],[0.956625675209746],[0.9584102140819759],[0.9549853203915954],[0.9584520065614193],[0.9590914314969021],[0.9595386110269457],[0.9587717190291606],[0.9593568137413672],[0.9592732287824806],[0.9595114459153076],[0.9599022055981027],[0.958399765962115],[0.9605123757979752],[0.9596472714734983],[0.9607652202986072],[0.9622697495585669],[0.9632832171850675],[0.9620043673141017],[0.9621736268558474],[0.9619625748346585],[0.9630847029077119],[0.9594717430598363],[0.9626333441297239],[0.9632602313213736],[0.9633918776316202],[0.963855774153441],[0.9626375233776682],[0.9644011660101766],[0.9657280772325021],[0.9662003322502115],[0.9666496014042272],[0.9637220382192223],[0.9641462318855722],[0.965136713648379],[0.9669693138719688],[0.9610097063033507],[0.9655609073147287]
train_prc,[0.8413864032001679],[0.8985622334123196],[0.8927676427766384],[0.9075059869899982],[0.9108420278412838],[0.913185095922697],[0.919348829326201],[0.9215243269856082],[0.9213787951009185],[0.9221601733714432],[0.9296458744727714],[0.9307930902854875],[0.9328928413504445],[0.935465696753901],[0.9405089583344914],[0.9375770306837524],[0.9420255069575494],[0.9412580042054682],[0.9408965328072864],[0.9413643884655709],[0.945500477023091],[0.9455445867231131],[0.9467679708671397],[0.9475740382151776],[0.9483885235608355],[0.9482767511678347],[0.9498451530358137],[0.9490047261112797],[0.9512365518040902],[0.9518808976480825],[0.952490973407123],[0.9518750494139899],[0.953696661825733],[0.9535219138005275],[0.9538410626841409],[0.9546216727653999],[0.9549035011069249],[0.9550782559808672],[0.9562571787114065],[0.9563663394752666],[0.9553723379683907],[0.9562008685391175],[0.9574830208784116],[0.9580008791186707],[0.9578785482969259],[0.9582990408616263],[0.9588298713627862],[0.9594509061820362],[0.9598396583529373],[0.9604247145862517],[0.9602684160529614],[0.9584071251355029],[0.9596080970353997],[0.9596844011457364],[0.9613113800579801],[0.9616570764876106],[0.9617566076405708],[0.9621517051643148],[0.9625856691312942],[0.9630463700875636],[0.9628362365369529],[0.9638833166170944],[0.9636983832864403],[0.9648969507259213],[0.9646912507926064],[0.9645567057154572],[0.9635727165921633],[0.9642097510165935],[0.9651545291994946],[0.9654404858342281],[0.9662296489613458],[0.9652174131432151],[0.9656407793060903],[0.9668567148428184],[0.9669733526323632],[0.9677551925545308],[0.9677583115239115],[0.9679845668591907],[0.9662847144437559],[0.9684276863750497],[0.9689636004817708],[0.9682777108685013],[0.9693750630961127],[0.969574740206709],[0.9686102296072048],[0.9699021673829119],[0.9695346357504533],[0.969302800244067],[0.9709968970589484],[0.9704535415245723],[0.9714681881592102],[0.9713614169799332],[0.9714070790461271],[0.972752433654036],[0.9732090154863018],[0.973490287322454],[0.971952331127089],[0.9715472411244013],[0.971455183879929],[0.973079478509659],[0.9731660167499075],[0.9743160442455449],[0.9748957798617586],[0.9752355574703433],[0.9756296876590052],[0.97364194232677],[0.9745987560793961],[0.9752606997678517],[0.9757379919940445],[0.9765533760570366],[0.9762014874077471],[0.9772616491628152],[0.9771039801313554],[0.9768076695456901],[0.9760267519152815],[0.9757482437880697],[0.9760430945218259],[0.9778201465777971],[0.9779819888568076],[0.9785443430207107],[0.978902051771586],[0.9787514364956256],[0.9790070101494708],[0.9796273443528236],[0.9797480820736149],[0.9801236269077647],[0.9790256318809328],[0.9807071726132056],[0.9809268726494893],[0.9806119995905301],[0.9800039525144998],[0.9804333480735331],[0.980722262366197],[0.981759136331501],[0.9821161507347752],[0.9815758099858454],[0.9808582405645414],[0.982754551338141],[0.9824900236903775],[0.980967788117165],[0.9812059137147695],[0.9828590016921049],[0.981788290320372],[0.9834473772886538],[0.98171199276811],[0.9834582481620728],[0.9837964346640691],[0.983634710034424],[0.9844346201759295],[0.984921593444531],[0.9850663191063254],[0.9836368439398844],[0.9842273938960184],[0.9847260553168558],[0.9856097713582745],[0.9860593386468899],[0.9858828206367792],[0.9860714225517789],[0.9842790679039484],[0.9854381036770476],[0.9856676297189233],[0.9859686493450417],[0.9865753988053557],[0.9856340968035516],[0.9866984093647786],[0.9868580848155897],[0.9869730033819268],[0.9866632518039185],[0.9869378636625634],[0.9870201763396287],[0.9872007521437554],[0.9872123606984243],[0.9868267522419791],[0.9872556457780566],[0.9870141604968126],[0.9874083504532236],[0.9880645889393971],[0.9882989138439366],[0.9878465508589183],[0.9879498642356419],[0.9877269745925844],[0.9884583341050377],[0.9873771298877665],[0.9879450421504065],[0.9883147395683294],[0.9883473993018503],[0.9886668301147508],[0.9882676650005339],[0.9888873734251036],[0.9890531295493125],[0.9893845158985033],[0.989554853902139],[0.9887828987347138],[0.9885699830942197],[0.9894401706890137],[0.9897241592536109],[0.9875912730712061],[0.989088246564988]
train_precision,[1.0],[0.828335832083958],[0.8942731277533039],[0.8792792792792793],[0.8677751385589866],[0.8835616438356164],[0.8962264150943396],[0.8975563909774437],[0.8854589764419172],[0.8954468802698144],[0.9002601908065915],[0.897119341563786],[0.8843484965304549],[0.8944399677679291],[0.9165120593692022],[0.8680351906158358],[0.9134790528233151],[0.9458762886597938],[0.8821292775665399],[0.8952837729816147],[0.9076406381192276],[0.8891491022638564],[0.9168900804289544],[0.9140154772141015],[0.9314285714285714],[0.88553750966744],[0.9240282685512368],[0.9012841091492777],[0.9070723684210527],[0.9376218323586745],[0.9375600384245918],[0.8783987915407855],[0.9141414141414141],[0.9019292604501608],[0.9464668094218416],[0.9341262580054894],[0.9258289703315882],[0.912828947368421],[0.9487983281086729],[0.9070331447049312],[0.9470468431771895],[0.9423076923076923],[0.9264069264069265],[0.9467570183930301],[0.913509060955519],[0.929701230228471],[0.94824016563147],[0.9148056244830438],[0.9367764915405165],[0.9351111111111111],[0.9507042253521126],[0.9582417582417583],[0.9144254278728606],[0.8877708978328174],[0.9432234432234432],[0.9365079365079365],[0.9034317637669593],[0.9435707678075855],[0.9260182876142976],[0.9383928571428571],[0.9542217700915565],[0.9291736930860034],[0.9516765285996055],[0.9429347826086957],[0.9589178356713427],[0.8871951219512195],[0.932536293766012],[0.9511494252873564],[0.9339055793991416],[0.9401408450704225],[0.9272125723738627],[0.9620653319283456],[0.9594731509625126],[0.9327731092436975],[0.9443946188340807],[0.9407216494845361],[0.9594202898550724],[0.9270315091210614],[0.9694117647058823],[0.9442508710801394],[0.9415305245055889],[0.9574669187145558],[0.9447799827437446],[0.918744971842317],[0.9651162790697675],[0.9121140142517815],[0.9681190223166843],[0.8979907264296755],[0.9549143372407575],[0.9662231320368475],[0.961100569259962],[0.9188755020080321],[0.9722222222222222],[0.9444444444444444],[0.9520069808027923],[0.9633458646616542],[0.9643916913946587],[0.8981481481481481],[0.9678756476683937],[0.9644572526416907],[0.963855421686747],[0.951114922813036],[0.9621962196219622],[0.940536013400335],[0.9578207381370826],[0.9671814671814671],[0.9029275808936826],[0.9692603266090298],[0.9362054681027341],[0.9700374531835206],[0.9305555555555556],[0.9655172413793104],[0.922337870296237],[0.9671669793621013],[0.9693486590038314],[0.9009976976208749],[0.970617042115573],[0.9500846023688664],[0.9652406417112299],[0.9361179361179361],[0.9367816091954023],[0.9678012879484821],[0.9388429752066115],[0.9456975772765246],[0.965034965034965],[0.9652096342551294],[0.9141965678627145],[0.967654986522911],[0.9658194566170026],[0.9315619967793881],[0.9596136962247586],[0.9288569144684252],[0.9642857142857143],[0.9695885509838998],[0.9588336192109777],[0.9455894476504534],[0.9802955665024631],[0.9611734253666955],[0.9521410579345088],[0.9149765990639626],[0.983756345177665],[0.9513422818791947],[0.9652096342551294],[0.9699646643109541],[0.9061068702290076],[0.9695067264573991],[0.9614065180102916],[0.9749536178107606],[0.9726277372262774],[0.9662337662337662],[0.962457337883959],[0.9698354661791591],[0.9765037593984962],[0.9791855203619909],[0.9837320574162679],[0.9657240788346186],[0.9519071310116086],[0.9705372616984402],[0.9553496208930076],[0.9506984387838948],[0.9688581314878892],[0.9796296296296296],[0.9696180555555556],[0.942741935483871],[0.9552980132450332],[0.971304347826087],[0.9766187050359713],[0.9790718835304822],[0.9799270072992701],[0.9619611158072696],[0.9575707154742097],[0.9739208633093526],[0.9206225680933852],[0.981651376146789],[0.9773960216998192],[0.9600997506234414],[0.9676044330775788],[0.9833795013850416],[0.9787822878228782],[0.9749776586237712],[0.9826166514181153],[0.9662162162162162],[0.9277297721916732],[0.9768477292965272],[0.9800543970988214],[0.9764192139737992],[0.9715025906735751],[0.9767441860465116],[0.9593698175787728],[0.9820466786355476],[0.9709153122326775],[0.9717223650385605],[0.9609310058187863],[0.9764192139737992],[0.9686440677966102],[0.986351228389445],[0.9901380670611439],[0.9879406307977736]
train_recall,[0.0008045052292839903],[0.8889782783588094],[0.6532582461786002],[0.7851971037811746],[0.8817377312952535],[0.830249396621078],[0.7642799678197908],[0.7683024939662108],[0.8769106999195495],[0.8543845534995977],[0.835076427996782],[0.8769106999195495],[0.9227674979887369],[0.8930008045052292],[0.7948511665325825],[0.9525341914722446],[0.8069187449718423],[0.5905068382944489],[0.9332260659694288],[0.9010458567980691],[0.8696701528559936],[0.916331456154465],[0.825422365245374],[0.8551890587288817],[0.7868061142397426],[0.9211584875301689],[0.8415124698310539],[0.9034593724859211],[0.8873692679002414],[0.7739340305711987],[0.7851971037811746],[0.9356395816572808],[0.8736926790024135],[0.9026548672566371],[0.7111826226870475],[0.8213998390989542],[0.8535800482703138],[0.8930008045052292],[0.7304907481898633],[0.9026548672566371],[0.7481898632341111],[0.7884151246983105],[0.8608205953338697],[0.7868061142397426],[0.8921962992759453],[0.8511665325824618],[0.7369267900241352],[0.8897827835880934],[0.8463395012067578],[0.8463395012067578],[0.7602574416733708],[0.7015285599356396],[0.9026548672566371],[0.9227674979887369],[0.82864038616251],[0.8543845534995977],[0.910699919549477],[0.8205953338696702],[0.8962188254223652],[0.8455349959774738],[0.7546259050683829],[0.8865647626709574],[0.7763475462590507],[0.8374899436846339],[0.7699115044247787],[0.9364440868865648],[0.8785197103781175],[0.7988736926790024],[0.8753016894609815],[0.8592115848753017],[0.9018503620273531],[0.7345132743362832],[0.7618664521319388],[0.8930008045052292],[0.8471440064360418],[0.8809332260659695],[0.7988736926790024],[0.8994368463395012],[0.6629123089300081],[0.8720836685438456],[0.8809332260659695],[0.8149637972646823],[0.8809332260659695],[0.918744971842317],[0.7345132743362832],[0.9267900241351569],[0.7329042638777152],[0.9348350764279968],[0.8519710378117458],[0.7594529364440868],[0.8149637972646823],[0.9203539823008849],[0.7039420756234915],[0.8889782783588094],[0.8777152051488335],[0.82461786001609],[0.7843925985518906],[0.9364440868865648],[0.7514078841512469],[0.8077232502011263],[0.8366854384553499],[0.8921962992759453],[0.8600160901045857],[0.9034593724859211],[0.8769106999195495],[0.8061142397425584],[0.9428801287208367],[0.8117457763475463],[0.9090909090909091],[0.833467417538214],[0.916331456154465],[0.8559935639581657],[0.9267900241351569],[0.829444891391794],[0.8141592920353983],[0.9444891391794047],[0.7972646822204345],[0.9034593724859211],[0.8712791633145616],[0.919549477071601],[0.917940466613033],[0.8463395012067578],[0.913917940466613],[0.910699919549477],[0.8881737731295254],[0.8704746580852776],[0.9428801287208367],[0.8664521319388576],[0.8865647626709574],[0.9308125502815768],[0.8793242156074015],[0.9348350764279968],[0.8688656476267096],[0.8720836685438456],[0.8994368463395012],[0.9227674979887369],[0.8004827031375704],[0.8962188254223652],[0.912308930008045],[0.9436846339501207],[0.7795655671761866],[0.912308930008045],[0.8704746580852776],[0.8833467417538214],[0.9549477071600966],[0.8696701528559936],[0.9018503620273531],[0.8455349959774738],[0.8576025744167337],[0.8978278358809332],[0.9074818986323411],[0.8535800482703138],[0.8358809332260659],[0.8704746580852776],[0.827031375703942],[0.9066773934030571],[0.9235720032180209],[0.9010458567980691],[0.912308930008045],[0.9308125502815768],[0.9010458567980691],[0.8511665325824618],[0.8986323411102172],[0.9404666130329847],[0.9283990345937249],[0.8986323411102172],[0.8736926790024135],[0.8656476267095736],[0.8640386162510056],[0.915526950925181],[0.9259855189058729],[0.8712791633145616],[0.9517296862429606],[0.8608205953338697],[0.8696701528559936],[0.9292035398230089],[0.913113435237329],[0.8567980691874497],[0.8535800482703138],[0.8777152051488335],[0.8640386162510056],[0.9203539823008849],[0.9501206757843926],[0.8825422365245374],[0.8696701528559936],[0.8994368463395012],[0.9050683829444891],[0.8785197103781175],[0.9308125502815768],[0.8801287208366855],[0.913113435237329],[0.912308930008045],[0.9300080450522928],[0.8994368463395012],[0.919549477071601],[0.8720836685438456],[0.8077232502011263],[0.8567980691874497]
train_loss,0.6960416,0.6162971,0.6503234,0.5922723,0.5242354,0.5260208,0.55631375,0.5459135,0.49484736,0.49082628,0.5007987,0.48060876,0.46226546,0.46424767,0.50451726,0.45276725,0.49918103,0.6331182,0.44674116,0.44845465,0.45889804,0.44158936,0.47702572,0.4568944,0.48594654,0.43106842,0.45644212,0.42791352,0.43075547,0.48362795,0.47224706,0.42017123,0.42718488,0.42156118,0.517098,0.4497504,0.43261895,0.4140957,0.4921976,0.41138634,0.49584198,0.4687537,0.4201941,0.4595772,0.40731016,0.42001903,0.477138,0.40187097,0.42123106,0.4162915,0.4608581,0.5087128,0.39615285,0.3946135,0.42443544,0.40896836,0.38803273,0.42486227,0.38701752,0.41117987,0.45843443,0.3880706,0.4408745,0.4048576,0.44315013,0.38414794,0.39531177,0.42929816,0.38503808,0.3887625,0.36882854,0.4623155,0.44459805,0.3717722,0.39080155,0.37452605,0.4152822,0.3610131,0.5233989,0.37556577,0.365912,0.40552536,0.36581558,0.3496976,0.4499869,0.34913424,0.45530066,0.3590944,0.36872655,0.42601526,0.38914976,0.34098145,0.48276654,0.3463312,0.35171425,0.3752828,0.4068697,0.3534453,0.43799663,0.39452228,0.37490344,0.3365519,0.3499721,0.32079738,0.33517972,0.3847096,0.34303004,0.37782565,0.31563702,0.35539585,0.31276459,0.33889264,0.31047124,0.35887572,0.3855976,0.34092453,0.3913065,0.30705667,0.32614827,0.29945934,0.29798397,0.3382205,0.29791182,0.29631191,0.30838272,0.31146884,0.31318295,0.31297326,0.29891175,0.2919914,0.3152614,0.29575157,0.31580922,0.3033349,0.28924406,0.28107667,0.3550412,0.2820515,0.27667898,0.3055984,0.3786977,0.27548262,0.3065667,0.28485218,0.3198064,0.2957998,0.2733955,0.30968437,0.29997265,0.26732647,0.26004744,0.30352104,0.3161342,0.28231704,0.31041566,0.25902054,0.25075746,0.25571468,0.26862976,0.25909755,0.2635266,0.2944708,0.2569946,0.26169235,0.24601278,0.25842896,0.2671347,0.2762042,0.2767878,0.24180275,0.23749904,0.2660023,0.268424,0.28329328,0.27660492,0.23510377,0.23375173,0.26926404,0.27356485,0.25421548,0.26281828,0.23076497,0.2603375,0.25164092,0.25969478,0.23373565,0.231166,0.25387248,0.22139,0.2385465,0.22061633,0.21987717,0.2227203,0.23326121,0.22415794,0.24144103,0.30744734,0.2687474
valid_roc,[0.6842409360104],[0.8029755886176513],[0.7927199191102123],[0.8158312870143001],[0.8282536472627473],[0.8439982666474072],[0.850498338870432],[0.8554095045500506],[0.8619095767730753],[0.8650873898598873],[0.8734652607251191],[0.8782319803553373],[0.8812653473927488],[0.883432038133757],[0.8881987577639752],[0.8874765275169724],[0.8897876643073811],[0.8873320814675718],[0.8925321392459917],[0.8925321392459916],[0.8965766286292071],[0.8983099812220136],[0.8993211035678174],[0.9009100101112234],[0.9016322403582262],[0.9011989022100246],[0.9024989166546294],[0.8994655496172178],[0.9046656073956377],[0.9053878376426404],[0.9068322981366459],[0.9017766864076268],[0.9050989455438394],[0.9037989310992344],[0.907121190235447],[0.9084212046800519],[0.9074100823342481],[0.9035100390004334],[0.9095767730752563],[0.9075545283836488],[0.9113101256680629],[0.9110212335692618],[0.9075545283836486],[0.910010111223458],[0.9092878809764553],[0.909721219124657],[0.9107323414704608],[0.9071211902354471],[0.9101545572728585],[0.9092878809764554],[0.9118879098656651],[0.9123212480138668],[0.9059656218402427],[0.9065434060378448],[0.9123212480138668],[0.9102990033222591],[0.9088545428282537],[0.912610140112668],[0.9069767441860465],[0.9124656940632674],[0.9156435071500794],[0.9110212335692618],[0.9139101545572728],[0.9131879243102701],[0.91578795319948],[0.9091434349270546],[0.9152101690018778],[0.913910154557273],[0.9130434782608696],[0.9136212624584718],[0.9117434638162645],[0.9176657518416872],[0.9179546439404882],[0.9133323703596706],[0.9160768452982812],[0.914487938754875],[0.9176657518416871],[0.9131879243102701],[0.9179546439404883],[0.9150657229524772],[0.912899032211469],[0.9191102123356927],[0.9134768164090712],[0.9131879243102701],[0.918676874187491],[0.9128990322114691],[0.9165101834464826],[0.9092878809764553],[0.9146323848042756],[0.9180990899898888],[0.9175213057922865],[0.9147768308536761],[0.9192546583850931],[0.9150657229524773],[0.9130434782608696],[0.916365737397082],[0.9212769030767008],[0.9053878376426404],[0.9241658240647117],[0.9185324281380904],[0.9235880398671096],[0.9193991044344937],[0.918676874187491],[0.9169435215946844],[0.9163657373970822],[0.9240213780153113],[0.9111656796186625],[0.9209880109778997],[0.9196879965332948],[0.9136212624584719],[0.9180990899898888],[0.914487938754875],[0.9154990611006789],[0.9225769175213059],[0.9230102556695075],[0.9071211902354471],[0.9293658818431316],[0.9165101834464828],[0.9221435793731041],[0.9175213057922865],[0.918676874187491],[0.925754730608118],[0.9232991477683085],[0.9179546439404882],[0.920265780730897],[0.9224324714719053],[0.9102990033222591],[0.9231547017189079],[0.9231547017189079],[0.9114545717174635],[0.9296547739419326],[0.9127545861620684],[0.9253213924599163],[0.923154701718908],[0.9232991477683085],[0.917665751841687],[0.9188213202368913],[0.9270547450527228],[0.9245991622129134],[0.9134768164090713],[0.9293658818431316],[0.9238769319659107],[0.9299436660407339],[0.9263325148057201],[0.9133323703596706],[0.9276325292503249],[0.924743608262314],[0.9290769897443305],[0.9296547739419327],[0.9241658240647118],[0.9256102845587173],[0.9297992199913332],[0.9316770186335404],[0.924743608262314],[0.9310992344359382],[0.9257547306081179],[0.9258991766575184],[0.9224324714719053],[0.9342770475227502],[0.9234435938177091],[0.9228658096201069],[0.9282103134479271],[0.9295103278925322],[0.9241658240647118],[0.9217102412249025],[0.9292214357937311],[0.9274880832009245],[0.9322548028311426],[0.9286436515961288],[0.9253213924599162],[0.9222880254225047],[0.9358659540661561],[0.9261880687563195],[0.9328325870287448],[0.934999277769753],[0.9254658385093167],[0.92893254369493],[0.9325436949299437],[0.9371659685107613],[0.9339881554239492],[0.9232991477683086],[0.9341326014733496],[0.9232991477683086],[0.9315325725841398],[0.9306658962877365],[0.9243102701141124],[0.9300881120901343],[0.933699263325148],[0.9256102845587173],[0.9266214069045212],[0.9277769752997256],[0.92893254369493],[0.9269102990033223],[0.9308103423371371],[0.9296547739419327],[0.9230102556695075],[0.9303770041889354],[0.9274880832009245]
valid_prc,[0.8594518885092217],[0.9345905311167038],[0.9250145895901941],[0.9329873567551654],[0.9235428877034961],[0.9285349735562207],[0.9358409455330865],[0.9381949311442912],[0.9357056602997423],[0.9385792530649351],[0.9456149274580974],[0.9484283496162542],[0.9485362987370785],[0.9509433641075893],[0.9584134168526874],[0.9513313556125426],[0.9585569294221448],[0.9614210090414901],[0.9550625662353911],[0.9562133552053055],[0.9583564155990809],[0.9605467153233764],[0.9644442874209762],[0.9641185583159539],[0.9660375468288691],[0.9621365193114757],[0.9651122966006385],[0.9620595429006664],[0.9653384846363746],[0.9692408228015388],[0.9695665962961912],[0.96204396072206],[0.9663344308760939],[0.9645213506483372],[0.9701589226541432],[0.969349813355912],[0.9675224183216123],[0.9630111985088146],[0.9709194962826855],[0.9664339088006374],[0.9725218379943061],[0.9707017538940769],[0.9665776832496101],[0.9712431047596795],[0.9677888426559638],[0.9690073527366028],[0.9712088301003976],[0.9657487361410088],[0.9688339694330985],[0.9680980687769263],[0.9711670761610716],[0.9736343228936903],[0.9625000421762275],[0.9624102410206133],[0.9704678319655771],[0.9681839847966527],[0.9646603218347829],[0.9701539866076343],[0.9634939712951228],[0.9686461745493048],[0.9738779331445109],[0.9656943156440692],[0.9721801294532741],[0.9701539472696978],[0.9735163062945461],[0.9655522053803776],[0.9730090461704817],[0.97117682070143],[0.9687435417679334],[0.9694572364320392],[0.9667472583257598],[0.9750666965735985],[0.9744648381428254],[0.9688717283585911],[0.9717247968524063],[0.9705249449332296],[0.9739156450731095],[0.967904230870215],[0.9761207074385695],[0.9713713190043375],[0.9701011140545764],[0.974334224654966],[0.9706905584974087],[0.9697492911291523],[0.9762199594092673],[0.968727069527437],[0.9746843751237728],[0.9643485211484668],[0.9729227692750199],[0.9757012542487016],[0.9751214541691515],[0.9695859908081852],[0.9759677681405265],[0.9722581083563095],[0.972063965727441],[0.9744687254714085],[0.9767362605392831],[0.9644984127507166],[0.9781862140643053],[0.9758951916713368],[0.977571779780978],[0.9748470207842019],[0.9755851376365685],[0.9737011139602006],[0.9742188470970463],[0.9782138312174848],[0.9690090473678539],[0.9769491644680323],[0.973737290104997],[0.9737247396953065],[0.972956895302802],[0.9743375960098394],[0.973345885710581],[0.9773765103472273],[0.9778847192309301],[0.9667302429495138],[0.9799789354837749],[0.9742975819050986],[0.9767534816194675],[0.9742385046942694],[0.9758463958506277],[0.9786515616782998],[0.9771320077144657],[0.9747579930016931],[0.976412430600289],[0.9775834909993382],[0.9721004692963576],[0.9776583942579103],[0.9774592630556387],[0.9722521912646556],[0.9794620057218243],[0.9724704664530517],[0.9786255407532876],[0.9776337439056945],[0.977576996603893],[0.9747433526183507],[0.9778954949486345],[0.9790786272127224],[0.9776377524103039],[0.9720005432841818],[0.9807795767028904],[0.977606149915236],[0.9803006844073384],[0.9789123207987255],[0.972518422573391],[0.979617709996464],[0.9779944606599708],[0.9806726340943729],[0.9804318695097309],[0.9781272622760313],[0.9789164582991352],[0.98067363660085],[0.9811387818575452],[0.979248040745868],[0.9813004567935958],[0.978644371096153],[0.9777699141864974],[0.9776347624009907],[0.9820039344216948],[0.9783647285683662],[0.9785348429295879],[0.9795962050774238],[0.9804013939033149],[0.9772288952974771],[0.9776008875400706],[0.9805797476002917],[0.9796669528722102],[0.9817354113268719],[0.9806889842190771],[0.9783417151438221],[0.9767513958640509],[0.9825751296190476],[0.9791730933929093],[0.9819066821658579],[0.9822666765412826],[0.9793059558870314],[0.9796751266576783],[0.9815587125891795],[0.983071874491743],[0.9816856395342441],[0.9794887625708575],[0.9812822627782437],[0.9758411044445994],[0.9817031863920533],[0.9800320413221957],[0.9783071472042464],[0.9803865598047822],[0.9803568132671878],[0.9778916301404846],[0.9797498982647488],[0.9794875104495848],[0.9793929348599695],[0.9763545470030035],[0.9815090602049308],[0.978791040207541],[0.9771088139125487],[0.9816680538544935],[0.9798504698127419]
valid_precision,[0.0],[0.8554216867469879],[0.926605504587156],[0.9117647058823529],[0.9056603773584906],[0.9078014184397163],[0.9354838709677419],[0.9516129032258065],[0.9183673469387755],[0.9290780141843972],[0.9481481481481482],[0.9448275862068966],[0.9230769230769231],[0.9459459459459459],[0.9534883720930233],[0.9053254437869822],[0.9541984732824428],[0.9438202247191011],[0.9240506329113924],[0.9391891891891891],[0.950354609929078],[0.94],[0.9548872180451128],[0.9558823529411765],[0.9609375],[0.934640522875817],[0.9558823529411765],[0.9383561643835616],[0.9370629370629371],[0.952755905511811],[0.9534883720930233],[0.9259259259259259],[0.95],[0.9319727891156463],[0.9818181818181818],[0.9615384615384616],[0.9629629629629629],[0.9440559440559441],[0.9826086956521739],[0.9324324324324325],[0.9672131147540983],[0.9603174603174603],[0.9565217391304348],[0.967741935483871],[0.9577464788732394],[0.9626865671641791],[0.9745762711864406],[0.9507042253521126],[0.9699248120300752],[0.9699248120300752],[0.9747899159663865],[0.9819819819819819],[0.9513888888888888],[0.9358974358974359],[0.9696969696969697],[0.9701492537313433],[0.9395973154362416],[0.968503937007874],[0.9574468085106383],[0.9696969696969697],[0.975],[0.9640287769784173],[0.9754098360655737],[0.9772727272727273],[0.975],[0.9320987654320988],[0.9555555555555556],[0.9763779527559056],[0.9632352941176471],[0.9774436090225563],[0.9577464788732394],[0.9745762711864406],[0.975],[0.9562043795620438],[0.9772727272727273],[0.9629629629629629],[0.9758064516129032],[0.9583333333333334],[0.9805825242718447],[0.9699248120300752],[0.9558823529411765],[0.9765625],[0.9629629629629629],[0.9533333333333334],[0.9743589743589743],[0.9477124183006536],[0.9739130434782609],[0.9363057324840764],[0.9692307692307692],[0.9752066115702479],[0.9765625],[0.9533333333333334],[0.9818181818181818],[0.9571428571428572],[0.9629629629629629],[0.9615384615384616],[0.976],[0.9197530864197531],[0.9747899159663865],[0.9758064516129032],[0.9689922480620154],[0.9568345323741008],[0.9621212121212122],[0.9586206896551724],[0.9568345323741008],[0.968503937007874],[0.9135802469135802],[0.968503937007874],[0.952054794520548],[0.96875],[0.9527027027027027],[0.9558823529411765],[0.9342105263157895],[0.9682539682539683],[0.968503937007874],[0.9090909090909091],[0.9682539682539683],[0.951048951048951],[0.9696969696969697],[0.9463087248322147],[0.9463087248322147],[0.9694656488549618],[0.952054794520548],[0.9448275862068966],[0.9708029197080292],[0.9703703703703703],[0.925],[0.9701492537313433],[0.9708029197080292],[0.9215686274509803],[0.9699248120300752],[0.9290322580645162],[0.9703703703703703],[0.9705882352941176],[0.9710144927536232],[0.9328859060402684],[0.9689922480620154],[0.9637681159420289],[0.9577464788732394],[0.9141104294478528],[0.975609756097561],[0.9379310344827586],[0.9696969696969697],[0.9701492537313433],[0.9085365853658537],[0.9699248120300752],[0.9637681159420289],[0.968503937007874],[0.9694656488549618],[0.9562043795620438],[0.9568345323741008],[0.9765625],[0.9682539682539683],[0.9624060150375939],[0.9689922480620154],[0.9571428571428572],[0.9523809523809523],[0.9571428571428572],[0.9574468085106383],[0.9333333333333333],[0.950354609929078],[0.9689922480620154],[0.9637681159420289],[0.9473684210526315],[0.9387755102040817],[0.9632352941176471],[0.9701492537313433],[0.9774436090225563],[0.9694656488549618],[0.9577464788732394],[0.952054794520548],[0.9696969696969697],[0.9308176100628931],[0.9694656488549618],[0.9694656488549618],[0.9379310344827586],[0.9574468085106383],[0.9694656488549618],[0.9763779527559056],[0.9701492537313433],[0.9626865671641791],[0.9577464788732394],[0.91875],[0.9637681159420289],[0.9699248120300752],[0.9507042253521126],[0.9645390070921985],[0.9770992366412213],[0.9387755102040817],[0.9626865671641791],[0.9577464788732394],[0.9577464788732394],[0.9459459459459459],[0.9571428571428572],[0.9583333333333334],[0.9558823529411765],[0.9838709677419355],[0.9696969696969697]
valid_recall,[0.0],[0.8819875776397516],[0.6273291925465838],[0.7701863354037267],[0.8944099378881988],[0.7950310559006211],[0.7204968944099379],[0.7329192546583851],[0.8385093167701864],[0.8136645962732919],[0.7950310559006211],[0.8509316770186336],[0.8944099378881988],[0.8695652173913043],[0.7639751552795031],[0.9503105590062112],[0.7763975155279503],[0.5217391304347826],[0.906832298136646],[0.8633540372670807],[0.8322981366459627],[0.8757763975155279],[0.7888198757763976],[0.8074534161490683],[0.7639751552795031],[0.8881987577639752],[0.8074534161490683],[0.8509316770186336],[0.8322981366459627],[0.7515527950310559],[0.7639751552795031],[0.9316770186335404],[0.8260869565217391],[0.8509316770186336],[0.6708074534161491],[0.7763975155279503],[0.8074534161490683],[0.8385093167701864],[0.7018633540372671],[0.8571428571428571],[0.7329192546583851],[0.7515527950310559],[0.8198757763975155],[0.7453416149068323],[0.84472049689441],[0.8012422360248447],[0.7142857142857143],[0.8385093167701864],[0.8012422360248447],[0.8012422360248447],[0.7204968944099379],[0.6770186335403726],[0.8509316770186336],[0.906832298136646],[0.7950310559006211],[0.8074534161490683],[0.8695652173913043],[0.7639751552795031],[0.8385093167701864],[0.7950310559006211],[0.7267080745341615],[0.8322981366459627],[0.7391304347826086],[0.8012422360248447],[0.7267080745341615],[0.937888198757764],[0.8012422360248447],[0.7701863354037267],[0.8136645962732919],[0.8074534161490683],[0.84472049689441],[0.7142857142857143],[0.7267080745341615],[0.8136645962732919],[0.8012422360248447],[0.8074534161490683],[0.7515527950310559],[0.8571428571428571],[0.6273291925465838],[0.8012422360248447],[0.8074534161490683],[0.7763975155279503],[0.8074534161490683],[0.8881987577639752],[0.7080745341614907],[0.9006211180124224],[0.6956521739130435],[0.9130434782608695],[0.782608695652174],[0.7329192546583851],[0.7763975155279503],[0.8881987577639752],[0.6708074534161491],[0.8322981366459627],[0.8074534161490683],[0.7763975155279503],[0.7577639751552795],[0.9254658385093167],[0.7204968944099379],[0.7515527950310559],[0.7763975155279503],[0.8260869565217391],[0.7888198757763976],[0.8633540372670807],[0.8260869565217391],[0.7639751552795031],[0.9192546583850931],[0.7639751552795031],[0.8633540372670807],[0.7701863354037267],[0.8757763975155279],[0.8074534161490683],[0.8819875776397516],[0.7577639751552795],[0.7639751552795031],[0.9316770186335404],[0.7577639751552795],[0.84472049689441],[0.7950310559006211],[0.8757763975155279],[0.8757763975155279],[0.7888198757763976],[0.8633540372670807],[0.8509316770186336],[0.8260869565217391],[0.8136645962732919],[0.9192546583850931],[0.8074534161490683],[0.8260869565217391],[0.8757763975155279],[0.8012422360248447],[0.8944099378881988],[0.8136645962732919],[0.8198757763975155],[0.8322981366459627],[0.8633540372670807],[0.7763975155279503],[0.8260869565217391],[0.84472049689441],[0.9254658385093167],[0.7453416149068323],[0.84472049689441],[0.7950310559006211],[0.8074534161490683],[0.9254658385093167],[0.8012422360248447],[0.8260869565217391],[0.7639751552795031],[0.7888198757763976],[0.8136645962732919],[0.8260869565217391],[0.7763975155279503],[0.7577639751552795],[0.7950310559006211],[0.7763975155279503],[0.8322981366459627],[0.8695652173913043],[0.8322981366459627],[0.8385093167701864],[0.8695652173913043],[0.8322981366459627],[0.7763975155279503],[0.8260869565217391],[0.8944099378881988],[0.8571428571428571],[0.8136645962732919],[0.8074534161490683],[0.8074534161490683],[0.7888198757763976],[0.84472049689441],[0.8633540372670807],[0.7950310559006211],[0.9192546583850931],[0.7888198757763976],[0.7888198757763976],[0.84472049689441],[0.8385093167701864],[0.7888198757763976],[0.7701863354037267],[0.8074534161490683],[0.8012422360248447],[0.84472049689441],[0.9130434782608695],[0.8260869565217391],[0.8012422360248447],[0.8385093167701864],[0.84472049689441],[0.7950310559006211],[0.8571428571428571],[0.8012422360248447],[0.84472049689441],[0.84472049689441],[0.8695652173913043],[0.8322981366459627],[0.8571428571428571],[0.8074534161490683],[0.7577639751552795],[0.7950310559006211]
valid_loss,0.6969545,0.5846088,0.59204787,0.5178332,0.4487445,0.44947124,0.4810942,0.4713428,0.42059278,0.413564,0.41844693,0.39478195,0.37458476,0.3722583,0.41396138,0.36460364,0.4108341,0.5419639,0.3546027,0.35312507,0.36720026,0.3442249,0.37914363,0.35649657,0.38820148,0.33312812,0.36106607,0.32753614,0.32532597,0.385385,0.37441087,0.31030688,0.32779306,0.32177952,0.41863856,0.35380685,0.3295786,0.31118673,0.3946413,0.31130275,0.4007264,0.36529422,0.3244249,0.3640921,0.3087716,0.3234377,0.38653898,0.30557743,0.33133814,0.3244497,0.36814702,0.41292748,0.29478744,0.29061535,0.33254918,0.31459787,0.2927256,0.33738527,0.29669392,0.3286616,0.36704716,0.3071932,0.3493329,0.32256788,0.35739616,0.29360202,0.30277,0.3451556,0.3031434,0.30580422,0.28998703,0.38078138,0.3655417,0.2928587,0.31190613,0.30241427,0.34731713,0.28856906,0.44820216,0.3042374,0.30113396,0.33481374,0.3026379,0.280754,0.39005256,0.28099716,0.40636563,0.2880927,0.3180034,0.37303492,0.3421236,0.27514908,0.44043687,0.29529318,0.30721858,0.3381698,0.36328065,0.2950764,0.3895961,0.35231185,0.32910264,0.29424694,0.3156527,0.28418127,0.31003007,0.34339023,0.2925194,0.34523764,0.27469686,0.3439608,0.27778348,0.3268141,0.28173482,0.3450787,0.35432324,0.3050259,0.3578652,0.28608894,0.30710804,0.28513196,0.27916005,0.3251318,0.2693411,0.28974733,0.30599666,0.3130693,0.30006278,0.33221814,0.30559775,0.30078614,0.30162564,0.29716417,0.31586367,0.31175023,0.3008161,0.29097572,0.36764297,0.29510805,0.28203553,0.29628348,0.38835585,0.27793702,0.2982478,0.30646434,0.3132008,0.31460044,0.28906032,0.3315529,0.33644328,0.30956185,0.29062435,0.32086703,0.34461948,0.31575865,0.36419716,0.2804132,0.27769092,0.32029048,0.2571486,0.28762123,0.30429944,0.36253548,0.30340397,0.27652135,0.29327878,0.3070682,0.35252926,0.32275727,0.33740985,0.28875962,0.29819846,0.30904296,0.29087973,0.32189023,0.30293888,0.28202888,0.2995232,0.35510954,0.33396435,0.3213795,0.35281828,0.26514482,0.2920157,0.29389235,0.33788452,0.3054975,0.27820387,0.30815646,0.27389398,0.32695314,0.29321328,0.28054717,0.28303626,0.28451034,0.27409664,0.38386607,0.3665963,0.33792388
